Name,Birth Year,Location,Occupation,Notes
Frederick Douglass,1818,Talbot County MD,abolitionist writer,escaped slavery
Harriet Tubman,c. 1822,Dorchester County  MD,conductor,Underground Railroad
Sojourner Truth,1797?,New York,Preacher and activist,
S. Truth ,1797,new york,preacher,duplicate?
Frederick douglass,1818,Talbot County,Writer,possible duplicate
Ida B. Wells,1862,Holly Springs MS,journalist,
W.E.B. Du Bois,1868,Great Barrington MA,sociologist historian,
 Booker T. Washington,1856?,Hale's Ford VA,educator,born enslaved
Mary Church Terrell,1863,Memphis TN,suffragist,
